path,category,lines,bytes,review_status,review_depth,omission_reason
.editorconfig,"Skrypty, CI/CD i infrastruktura",15,193,przejrzany w dostarczonym agregacie,przegląd statyczny konfiguracji i ścieżek wdrożenia,
.gitattributes,"Skrypty, CI/CD i infrastruktura",3,68,przejrzany w dostarczonym agregacie,przegląd statyczny konfiguracji i ścieżek wdrożenia,
.github/workflows/release-0-1-validation.yml,"Skrypty, CI/CD i infrastruktura",176,5520,przejrzany w dostarczonym agregacie,przegląd statyczny konfiguracji i ścieżek wdrożenia,
.gitignore,"Skrypty, CI/CD i infrastruktura",63,859,przejrzany w dostarczonym agregacie,przegląd statyczny konfiguracji i ścieżek wdrożenia,
Cargo.lock,"Kod wygenerowany, lock i zasoby zależności",3604,88097,przejrzany w dostarczonym agregacie,kontrola pochodzenia/generowania lub zależności,
Cargo.toml,Dokumentacja i konfiguracja repozytorium,20,454,przejrzany w dostarczonym agregacie,przegląd statyczny i semantyczny,
common/client-engine-contract.json,Kontrakty i modele protokołu,232,4749,przejrzany w dostarczonym agregacie,przegląd statyczny i semantyczny,
common/internal-runtime-fixtures.json,Kontrakty i modele protokołu,201,4760,przejrzany w dostarczonym agregacie,przegląd statyczny i semantyczny,
common/torchat-client-engine-ffi/Cargo.toml,Dokumentacja i konfiguracja repozytorium,17,488,przejrzany w dostarczonym agregacie,przegląd statyczny i semantyczny,
common/torchat-client-engine-ffi/src/c_api.rs,Kod produkcyjny,413,12333,przejrzany w dostarczonym agregacie,ręczny przegląd krytycznej ścieżki,
common/torchat-client-engine-ffi/src/handle.rs,Kod produkcyjny,22,750,przejrzany w dostarczonym agregacie,ręczny przegląd krytycznej ścieżki,
common/torchat-client-engine-ffi/src/json.rs,Kod produkcyjny,11,364,przejrzany w dostarczonym agregacie,ręczny przegląd krytycznej ścieżki,
common/torchat-client-engine-ffi/src/lib.rs,Kod produkcyjny,4,45,przejrzany w dostarczonym agregacie,ręczny przegląd krytycznej ścieżki,
common/torchat-client-engine/Cargo.toml,Dokumentacja i konfiguracja repozytorium,27,860,przejrzany w dostarczonym agregacie,przegląd statyczny i semantyczny,
common/torchat-client-engine/sql/migrations/000_schema_migrations.sql,Migracje i zapytania SQL,6,168,przejrzany w dostarczonym agregacie,ręczny przegląd krytycznej ścieżki,
common/torchat-client-engine/sql/migrations/001_canonical_client.sql,Migracje i zapytania SQL,125,3734,przejrzany w dostarczonym agregacie,ręczny przegląd krytycznej ścieżki,
common/torchat-client-engine/sql/migrations/002_pairing_inbox_retry.sql,Migracje i zapytania SQL,10,217,przejrzany w dostarczonym agregacie,ręczny przegląd krytycznej ścieżki,
common/torchat-client-engine/sql/migrations/003_pairing_response_delivery.sql,Migracje i zapytania SQL,3,84,przejrzany w dostarczonym agregacie,ręczny przegląd krytycznej ścieżki,
common/torchat-client-engine/sql/migrations/004_retry_indexes.sql,Migracje i zapytania SQL,24,956,przejrzany w dostarczonym agregacie,ręczny przegląd krytycznej ścieżki,
common/torchat-client-engine/sql/migrations/005_message_replies.sql,Migracje i zapytania SQL,2,52,przejrzany w dostarczonym agregacie,ręczny przegląd krytycznej ścieżki,
common/torchat-client-engine/sql/migrations/006_contact_preferences.sql,Migracje i zapytania SQL,4,184,przejrzany w dostarczonym agregacie,ręczny przegląd krytycznej ścieżki,
common/torchat-client-engine/sql/migrations/007_peer_p2p.sql,Migracje i zapytania SQL,79,2468,przejrzany w dostarczonym agregacie,ręczny przegląd krytycznej ścieżki,
common/torchat-client-engine/sql/migrations/008_contact_transport_policy.sql,Migracje i zapytania SQL,6,142,przejrzany w dostarczonym agregacie,ręczny przegląd krytycznej ścieżki,
common/torchat-client-engine/sql/migrations/009_peer_endpoint_bootstrap_outbox.sql,Migracje i zapytania SQL,16,576,przejrzany w dostarczonym agregacie,ręczny przegląd krytycznej ścieżki,
common/torchat-client-engine/sql/migrations/010_pending_contact_confirmations.sql,Migracje i zapytania SQL,14,520,przejrzany w dostarczonym agregacie,ręczny przegląd krytycznej ścieżki,
common/torchat-client-engine/sql/migrations/011_pending_pairing_acknowledgements.sql,Migracje i zapytania SQL,10,349,przejrzany w dostarczonym agregacie,ręczny przegląd krytycznej ścieżki,
common/torchat-client-engine/sql/migrations/012_pending_peer_endpoint_inbox.sql,Migracje i zapytania SQL,10,305,przejrzany w dostarczonym agregacie,ręczny przegląd krytycznej ścieżki,
common/torchat-client-engine/sql/migrations/013_default_peer_transport.sql,Migracje i zapytania SQL,9,414,przejrzany w dostarczonym agregacie,ręczny przegląd krytycznej ścieżki,
common/torchat-client-engine/sql/migrations/014_runtime_integrity.sql,Migracje i zapytania SQL,413,14630,przejrzany w dostarczonym agregacie,ręczny przegląd krytycznej ścieżki,
common/torchat-client-engine/sql/migrations/015_pairing_mls_state.sql,Migracje i zapytania SQL,15,473,przejrzany w dostarczonym agregacie,ręczny przegląd krytycznej ścieżki,
common/torchat-client-engine/sql/migrations/016_projection_consistency.sql,Migracje i zapytania SQL,26,868,przejrzany w dostarczonym agregacie,ręczny przegląd krytycznej ścieżki,
common/torchat-client-engine/sql/migrations/017_contact_presence.sql,Migracje i zapytania SQL,2,54,przejrzany w dostarczonym agregacie,ręczny przegląd krytycznej ścieżki,
common/torchat-client-engine/sql/migrations/018_contact_endpoint_capabilities.sql,Migracje i zapytania SQL,18,635,przejrzany w dostarczonym agregacie,ręczny przegląd krytycznej ścieżki,
common/torchat-client-engine/sql/migrations/019_peer_endpoint_capabilities.sql,Migracje i zapytania SQL,17,584,przejrzany w dostarczonym agregacie,ręczny przegląd krytycznej ścieżki,
common/torchat-client-engine/sql/migrations/020_pending_application_envelopes.sql,Migracje i zapytania SQL,15,568,przejrzany w dostarczonym agregacie,ręczny przegląd krytycznej ścieżki,
common/torchat-client-engine/sql/migrations/021_capability_delivery_outbox.sql,Migracje i zapytania SQL,13,418,przejrzany w dostarczonym agregacie,ręczny przegląd krytycznej ścieżki,
common/torchat-client-engine/sql/queries/connection_pragmas.sql,Migracje i zapytania SQL,4,81,przejrzany w dostarczonym agregacie,"przegląd schematu, transakcji i indeksów",
common/torchat-client-engine/sql/queries/migration_insert.sql,Migracje i zapytania SQL,3,88,przejrzany w dostarczonym agregacie,"przegląd schematu, transakcji i indeksów",
common/torchat-client-engine/sql/queries/migration_lookup.sql,Migracje i zapytania SQL,4,61,przejrzany w dostarczonym agregacie,"przegląd schematu, transakcji i indeksów",
common/torchat-client-engine/sql/queries/table_columns.sql,Migracje i zapytania SQL,3,40,przejrzany w dostarczonym agregacie,"przegląd schematu, transakcji i indeksów",
common/torchat-client-engine/src/actor/application_envelope.rs,Kod produkcyjny,396,24626,przejrzany w dostarczonym agregacie,ręczny przegląd krytycznej ścieżki,
common/torchat-client-engine/src/actor/capabilities.rs,Kod produkcyjny,369,14324,przejrzany w dostarczonym agregacie,ręczny przegląd krytycznej ścieżki,
common/torchat-client-engine/src/actor/command_dispatch.rs,Kod produkcyjny,453,20832,przejrzany w dostarczonym agregacie,ręczny przegląd krytycznej ścieżki,
common/torchat-client-engine/src/actor/connection.rs,Kod produkcyjny,533,23182,przejrzany w dostarczonym agregacie,ręczny przegląd krytycznej ścieżki,
common/torchat-client-engine/src/actor/messaging.rs,Kod produkcyjny,389,15637,przejrzany w dostarczonym agregacie,ręczny przegląd krytycznej ścieżki,
common/torchat-client-engine/src/actor/mod.rs,Kod produkcyjny,1321,52845,przejrzany w dostarczonym agregacie,ręczny przegląd krytycznej ścieżki,
common/torchat-client-engine/src/actor/pairing.rs,Kod produkcyjny,470,19383,przejrzany w dostarczonym agregacie,ręczny przegląd krytycznej ścieżki,
common/torchat-client-engine/src/actor/peer_control.rs,Kod produkcyjny,336,13009,przejrzany w dostarczonym agregacie,ręczny przegląd krytycznej ścieżki,
common/torchat-client-engine/src/actor/peer_events.rs,Kod produkcyjny,457,20910,przejrzany w dostarczonym agregacie,ręczny przegląd krytycznej ścieżki,
common/torchat-client-engine/src/actor/platform_facts.rs,Kod produkcyjny,291,13072,przejrzany w dostarczonym agregacie,ręczny przegląd krytycznej ścieżki,
common/torchat-client-engine/src/actor/projection.rs,Kod produkcyjny,107,4569,przejrzany w dostarczonym agregacie,ręczny przegląd krytycznej ścieżki,
common/torchat-client-engine/src/actor/receipts.rs,Kod produkcyjny,196,7324,przejrzany w dostarczonym agregacie,ręczny przegląd krytycznej ścieżki,
common/torchat-client-engine/src/actor/relay_envelope.rs,Kod produkcyjny,255,37856,przejrzany w dostarczonym agregacie,ręczny przegląd krytycznej ścieżki,
common/torchat-client-engine/src/actor/relay_events.rs,Kod produkcyjny,352,15798,przejrzany w dostarczonym agregacie,ręczny przegląd krytycznej ścieżki,
common/torchat-client-engine/src/actor/retry_scheduler.rs,Kod produkcyjny,102,3943,przejrzany w dostarczonym agregacie,ręczny przegląd krytycznej ścieżki,
common/torchat-client-engine/src/actor/runtime_transaction.rs,Kod produkcyjny,137,5682,przejrzany w dostarczonym agregacie,ręczny przegląd krytycznej ścieżki,
common/torchat-client-engine/src/command.rs,Kod produkcyjny,182,4007,przejrzany w dostarczonym agregacie,przegląd statyczny i semantyczny,
common/torchat-client-engine/src/config.rs,Kod produkcyjny,41,1011,przejrzany w dostarczonym agregacie,przegląd statyczny i semantyczny,
common/torchat-client-engine/src/engine.rs,Kod produkcyjny,125,4193,przejrzany w dostarczonym agregacie,przegląd statyczny i semantyczny,
common/torchat-client-engine/src/error.rs,Kod produkcyjny,37,976,przejrzany w dostarczonym agregacie,przegląd statyczny i semantyczny,
common/torchat-client-engine/src/event.rs,Kod produkcyjny,148,3396,przejrzany w dostarczonym agregacie,przegląd statyczny i semantyczny,
common/torchat-client-engine/src/lib.rs,Kod produkcyjny,27,794,przejrzany w dostarczonym agregacie,przegląd statyczny i semantyczny,
common/torchat-client-engine/src/logging.rs,Kod produkcyjny,310,10744,przejrzany w dostarczonym agregacie,przegląd statyczny i semantyczny,
common/torchat-client-engine/src/peer/inbound.rs,Kod produkcyjny,522,19959,przejrzany w dostarczonym agregacie,ręczny przegląd krytycznej ścieżki,
common/torchat-client-engine/src/peer/mod.rs,Kod produkcyjny,28,1076,przejrzany w dostarczonym agregacie,ręczny przegląd krytycznej ścieżki,
common/torchat-client-engine/src/peer/outbound.rs,Kod produkcyjny,505,18016,przejrzany w dostarczonym agregacie,ręczny przegląd krytycznej ścieżki,
common/torchat-client-engine/src/peer/queue.rs,Kod produkcyjny,243,7972,przejrzany w dostarczonym agregacie,ręczny przegląd krytycznej ścieżki,
common/torchat-client-engine/src/peer/session.rs,Kod produkcyjny,547,19060,przejrzany w dostarczonym agregacie,ręczny przegląd krytycznej ścieżki,
common/torchat-client-engine/src/peer/types.rs,Kod produkcyjny,182,5077,przejrzany w dostarczonym agregacie,ręczny przegląd krytycznej ścieżki,
common/torchat-client-engine/src/peer/wire.rs,Kod produkcyjny,149,4788,przejrzany w dostarczonym agregacie,ręczny przegląd krytycznej ścieżki,
common/torchat-client-engine/src/probing.rs,Kod produkcyjny,434,13180,przejrzany w dostarczonym agregacie,przegląd statyczny i semantyczny,
common/torchat-client-engine/src/relay/actor.rs,Kod produkcyjny,1068,38863,przejrzany w dostarczonym agregacie,ręczny przegląd krytycznej ścieżki,
common/torchat-client-engine/src/relay/connection.rs,Kod produkcyjny,10,239,przejrzany w dostarczonym agregacie,ręczny przegląd krytycznej ścieżki,
common/torchat-client-engine/src/relay/error.rs,Kod produkcyjny,15,357,przejrzany w dostarczonym agregacie,ręczny przegląd krytycznej ścieżki,
common/torchat-client-engine/src/relay/heartbeat.rs,Kod produkcyjny,8,166,przejrzany w dostarczonym agregacie,ręczny przegląd krytycznej ścieżki,
common/torchat-client-engine/src/relay/mod.rs,Kod produkcyjny,141,4043,przejrzany w dostarczonym agregacie,ręczny przegląd krytycznej ścieżki,
common/torchat-client-engine/src/relay/writer.rs,Kod produkcyjny,6,157,przejrzany w dostarczonym agregacie,ręczny przegląd krytycznej ścieżki,
common/torchat-client-engine/src/storage/migrations.rs,Kod produkcyjny,124,3986,przejrzany w dostarczonym agregacie,ręczny przegląd krytycznej ścieżki,
common/torchat-client-engine/src/storage/mod.rs,Kod produkcyjny,16,679,przejrzany w dostarczonym agregacie,ręczny przegląd krytycznej ścieżki,
common/torchat-client-engine/src/storage/runtime_storage.rs,Kod produkcyjny,1610,63093,przejrzany w dostarczonym agregacie,ręczny przegląd krytycznej ścieżki,
common/torchat-client-engine/src/storage/sqlite/messages.rs,Kod produkcyjny,381,13920,przejrzany w dostarczonym agregacie,ręczny przegląd krytycznej ścieżki,
common/torchat-client-engine/src/storage/sqlite/migrations.rs,Kod produkcyjny,194,7621,przejrzany w dostarczonym agregacie,ręczny przegląd krytycznej ścieżki,
common/torchat-client-engine/src/storage/sqlite/mod.rs,Kod produkcyjny,1247,45555,przejrzany w dostarczonym agregacie,ręczny przegląd krytycznej ścieżki,
common/torchat-client-engine/src/storage/sqlite/pairing.rs,Kod produkcyjny,418,15538,przejrzany w dostarczonym agregacie,ręczny przegląd krytycznej ścieżki,
common/torchat-client-engine/src/storage/sqlite/peer_endpoints.rs,Kod produkcyjny,480,17883,przejrzany w dostarczonym agregacie,ręczny przegląd krytycznej ścieżki,
common/torchat-client-engine/src/storage/sqlite/projection.rs,Kod produkcyjny,58,1763,przejrzany w dostarczonym agregacie,ręczny przegląd krytycznej ścieżki,
common/torchat-client-engine/src/storage/sqlite/receipts.rs,Kod produkcyjny,244,9082,przejrzany w dostarczonym agregacie,ręczny przegląd krytycznej ścieżki,
common/torchat-client-engine/src/storage/sqlite/records.rs,Kod produkcyjny,170,4456,przejrzany w dostarczonym agregacie,ręczny przegląd krytycznej ścieżki,
common/torchat-client-engine/src/storage/transaction.rs,Kod produkcyjny,48,1246,przejrzany w dostarczonym agregacie,ręczny przegląd krytycznej ścieżki,
common/torchat-client-engine/tests/command_idempotency.rs,Testy,90,2975,przejrzany w dostarczonym agregacie,przegląd zakresu i asercji,
common/torchat-client-engine/tests/database_migrations.rs,Testy,346,12588,przejrzany w dostarczonym agregacie,przegląd zakresu i asercji,
common/torchat-client-engine/tests/delivery_resilience.rs,Testy,209,7100,przejrzany w dostarczonym agregacie,przegląd zakresu i asercji,
common/torchat-client-engine/tests/engine_pipeline_characterization.rs,Testy,77,2521,przejrzany w dostarczonym agregacie,przegląd zakresu i asercji,
common/torchat-client-engine/tests/pairing_recovery.rs,Testy,161,5805,przejrzany w dostarczonym agregacie,przegląd zakresu i asercji,
common/torchat-client-engine/tests/pending_welcome_retention.rs,Testy,140,4898,przejrzany w dostarczonym agregacie,przegląd zakresu i asercji,
common/torchat-client-engine/tests/remote_relationship_removal.rs,Testy,229,8112,przejrzany w dostarczonym agregacie,przegląd zakresu i asercji,
common/torchat-client-runtime/Cargo.toml,Dokumentacja i konfiguracja repozytorium,19,437,przejrzany w dostarczonym agregacie,przegląd statyczny i semantyczny,
common/torchat-client-runtime/src/application_snapshot.rs,Kod produkcyjny,186,6615,przejrzany w dostarczonym agregacie,ręczny przegląd krytycznej ścieżki,
common/torchat-client-runtime/src/clock.rs,Kod produkcyjny,22,470,przejrzany w dostarczonym agregacie,ręczny przegląd krytycznej ścieżki,
common/torchat-client-runtime/src/collections.rs,Kod produkcyjny,83,2811,przejrzany w dostarczonym agregacie,ręczny przegląd krytycznej ścieżki,
common/torchat-client-runtime/src/contract.rs,Kod produkcyjny,211,5744,przejrzany w dostarczonym agregacie,ręczny przegląd krytycznej ścieżki,
common/torchat-client-runtime/src/error.rs,Kod produkcyjny,47,1159,przejrzany w dostarczonym agregacie,ręczny przegląd krytycznej ścieżki,
common/torchat-client-runtime/src/lib.rs,Kod produkcyjny,162,6493,przejrzany w dostarczonym agregacie,ręczny przegląd krytycznej ścieżki,
common/torchat-client-runtime/src/logic.rs,Kod produkcyjny,451,13037,przejrzany w dostarczonym agregacie,ręczny przegląd krytycznej ścieżki,
common/torchat-client-runtime/src/message_rules.rs,Kod produkcyjny,137,4402,przejrzany w dostarczonym agregacie,ręczny przegląd krytycznej ścieżki,
common/torchat-client-runtime/src/models.rs,Kod produkcyjny,698,19608,przejrzany w dostarczonym agregacie,ręczny przegląd krytycznej ścieżki,
common/torchat-client-runtime/src/pairing_rules.rs,Kod produkcyjny,774,23123,przejrzany w dostarczonym agregacie,ręczny przegląd krytycznej ścieżki,
common/torchat-client-runtime/src/retry.rs,Kod produkcyjny,22,641,przejrzany w dostarczonym agregacie,ręczny przegląd krytycznej ścieżki,
common/torchat-client-runtime/src/runtime.rs,Kod produkcyjny,3069,112717,przejrzany w dostarczonym agregacie,ręczny przegląd krytycznej ścieżki,
common/torchat-client-runtime/src/runtime/helpers.rs,Kod produkcyjny,55,1752,przejrzany w dostarczonym agregacie,ręczny przegląd krytycznej ścieżki,
common/torchat-client-runtime/src/runtime/lifecycle.rs,Kod produkcyjny,81,2288,przejrzany w dostarczonym agregacie,ręczny przegląd krytycznej ścieżki,
common/torchat-client-runtime/src/session.rs,Kod produkcyjny,270,9266,przejrzany w dostarczonym agregacie,ręczny przegląd krytycznej ścieżki,
common/torchat-client-runtime/src/storage.rs,Kod produkcyjny,81,3048,przejrzany w dostarczonym agregacie,ręczny przegląd krytycznej ścieżki,
common/torchat-client-runtime/src/transport.rs,Kod produkcyjny,11,496,przejrzany w dostarczonym agregacie,ręczny przegląd krytycznej ścieżki,
common/torchat-client-runtime/tests/runtime_send_effect.rs,Testy,64,2336,przejrzany w dostarczonym agregacie,przegląd zakresu i asercji,
common/torchat-core/Cargo.toml,Dokumentacja i konfiguracja repozytorium,26,665,przejrzany w dostarczonym agregacie,przegląd statyczny i semantyczny,
common/torchat-core/src/application.rs,Kod produkcyjny,203,5401,przejrzany w dostarczonym agregacie,ręczny przegląd krytycznej ścieżki,
common/torchat-core/src/lib.rs,Kod produkcyjny,365,12173,przejrzany w dostarczonym agregacie,ręczny przegląd krytycznej ścieżki,
common/torchat-core/src/mls.rs,Kod produkcyjny,478,18181,przejrzany w dostarczonym agregacie,ręczny przegląd krytycznej ścieżki,
common/torchat-core/src/peer_protocol.rs,Kod produkcyjny,666,21471,przejrzany w dostarczonym agregacie,ręczny przegląd krytycznej ścieżki,
common/torchat-core/src/relay.rs,Kod produkcyjny,507,14978,przejrzany w dostarczonym agregacie,ręczny przegląd krytycznej ścieżki,
desktop/Cargo.toml,Dokumentacja i konfiguracja repozytorium,21,677,przejrzany w dostarczonym agregacie,przegląd statyczny i semantyczny,
desktop/build.rs,Kod produkcyjny,7,317,przejrzany w dostarczonym agregacie,przegląd statyczny i semantyczny,
desktop/src/cli.rs,Kod produkcyjny,61,2355,przejrzany w dostarczonym agregacie,ręczny przegląd krytycznej ścieżki,
desktop/src/identity_store.rs,Kod produkcyjny,76,2469,przejrzany w dostarczonym agregacie,ręczny przegląd krytycznej ścieżki,
desktop/src/main.rs,Kod produkcyjny,18,391,przejrzany w dostarczonym agregacie,ręczny przegląd krytycznej ścieżki,
desktop/src/process_lock.rs,Kod produkcyjny,145,4212,przejrzany w dostarczonym agregacie,ręczny przegląd krytycznej ścieżki,
desktop/src/runtime_engine_stdio.rs,Kod produkcyjny,364,12845,przejrzany w dostarczonym agregacie,ręczny przegląd krytycznej ścieżki,
desktop/src/tor_runtime.rs,Kod produkcyjny,490,17065,przejrzany w dostarczonym agregacie,ręczny przegląd krytycznej ścieżki,
infra/config/desktop-tor-packages.json,"Skrypty, CI/CD i infrastruktura",17,626,przejrzany w dostarczonym agregacie,przegląd statyczny konfiguracji i ścieżek wdrożenia,
infra/db/migrations/004_schema_sql_files.sql,Migracje i zapytania SQL,24,747,przejrzany w dostarczonym agregacie,"przegląd schematu, transakcji i indeksów",
infra/db/migrations/005_pairing_sql_file.sql,Migracje i zapytania SQL,25,957,przejrzany w dostarczonym agregacie,"przegląd schematu, transakcji i indeksów",
infra/db/migrations/006_pairing_request_deduplication.sql,Migracje i zapytania SQL,11,585,przejrzany w dostarczonym agregacie,"przegląd schematu, transakcji i indeksów",
infra/db/migrations/007_contacts.sql,Migracje i zapytania SQL,11,535,przejrzany w dostarczonym agregacie,"przegląd schematu, transakcji i indeksów",
infra/docker/Cargo.server.toml,"Skrypty, CI/CD i infrastruktura",12,183,przejrzany w dostarczonym agregacie,przegląd statyczny konfiguracji i ścieżek wdrożenia,
infra/docker/Cargo.torka.toml,"Skrypty, CI/CD i infrastruktura",17,351,przejrzany w dostarczonym agregacie,przegląd statyczny konfiguracji i ścieżek wdrożenia,
infra/docker/compose.dev.yml,"Skrypty, CI/CD i infrastruktura",102,3201,przejrzany w dostarczonym agregacie,przegląd statyczny konfiguracji i ścieżek wdrożenia,
infra/docker/compose.host.yml,"Skrypty, CI/CD i infrastruktura",60,1578,przejrzany w dostarczonym agregacie,przegląd statyczny konfiguracji i ścieżek wdrożenia,
infra/docker/torka-integration.py,"Skrypty, CI/CD i infrastruktura",229,8913,przejrzany w dostarczonym agregacie,przegląd statyczny konfiguracji i ścieżek wdrożenia,
infra/docker/torka-supervisor.py,"Skrypty, CI/CD i infrastruktura",65,1625,przejrzany w dostarczonym agregacie,przegląd statyczny konfiguracji i ścieżek wdrożenia,
infra/docker/torka.py,"Skrypty, CI/CD i infrastruktura",374,14979,przejrzany w dostarczonym agregacie,przegląd statyczny konfiguracji i ścieżek wdrożenia,
infra/host/bootstrap-staging.sh,"Skrypty, CI/CD i infrastruktura",32,1554,przejrzany w dostarczonym agregacie,przegląd statyczny konfiguracji i ścieżek wdrożenia,
mobile/.gitignore,Dokumentacja i konfiguracja repozytorium,46,703,przejrzany w dostarczonym agregacie,przegląd statyczny i semantyczny,
mobile/analysis_options.yaml,Dokumentacja i konfiguracja repozytorium,29,1420,przejrzany w dostarczonym agregacie,przegląd statyczny i semantyczny,
mobile/android/.gitignore,Kod mobilny i integracje platformowe,13,221,przejrzany w dostarczonym agregacie,przegląd statyczny i semantyczny,
mobile/android/app/build.gradle.kts,Kod mobilny i integracje platformowe,147,7068,przejrzany w dostarczonym agregacie,przegląd statyczny i semantyczny,
mobile/android/app/proguard-rules.pro,Kod mobilny i integracje platformowe,0,0,przejrzany w dostarczonym agregacie,przegląd statyczny i semantyczny,
mobile/android/app/src/debug/AndroidManifest.xml,Kod mobilny i integracje platformowe,8,378,przejrzany w dostarczonym agregacie,przegląd statyczny i semantyczny,
mobile/android/app/src/debug/assets/dev-fixtures/android-peer.json,Kontrakty i modele protokołu,5,21202,przejrzany w dostarczonym agregacie,przegląd statyczny i semantyczny,
mobile/android/app/src/main/AndroidManifest.xml,Kod mobilny i integracje platformowe,48,2188,przejrzany w dostarczonym agregacie,przegląd statyczny i semantyczny,
mobile/android/app/src/main/kotlin/org/torchat/core/NativeClientEngine.kt,Kod mobilny i integracje platformowe,107,3747,przejrzany w dostarczonym agregacie,ręczny przegląd krytycznej ścieżki,
mobile/android/app/src/main/kotlin/org/torchat/generated/EngineContract.kt,"Kod wygenerowany, lock i zasoby zależności",427,19565,przejrzany w dostarczonym agregacie,ręczny przegląd krytycznej ścieżki,
mobile/android/app/src/main/kotlin/org/torchat/mobile/AndroidEngineEventMapper.kt,Kod mobilny i integracje platformowe,135,5738,przejrzany w dostarczonym agregacie,ręczny przegląd krytycznej ścieżki,
mobile/android/app/src/main/kotlin/org/torchat/mobile/AndroidEngineEventPump.kt,Kod mobilny i integracje platformowe,49,1553,przejrzany w dostarczonym agregacie,ręczny przegląd krytycznej ścieżki,
mobile/android/app/src/main/kotlin/org/torchat/mobile/AndroidEngineHost.kt,Kod mobilny i integracje platformowe,198,7479,przejrzany w dostarczonym agregacie,ręczny przegląd krytycznej ścieżki,
mobile/android/app/src/main/kotlin/org/torchat/mobile/AndroidNotificationPolicy.kt,Kod mobilny i integracje platformowe,50,1773,przejrzany w dostarczonym agregacie,ręczny przegląd krytycznej ścieżki,
mobile/android/app/src/main/kotlin/org/torchat/mobile/MainActivity.kt,Kod mobilny i integracje platformowe,518,22251,przejrzany w dostarczonym agregacie,ręczny przegląd krytycznej ścieżki,
mobile/android/app/src/main/kotlin/org/torchat/mobile/NotificationNavigation.kt,Kod mobilny i integracje platformowe,9,310,przejrzany w dostarczonym agregacie,ręczny przegląd krytycznej ścieżki,
mobile/android/app/src/main/kotlin/org/torchat/mobile/RelaySupervisor.kt,Kod mobilny i integracje platformowe,82,3356,przejrzany w dostarczonym agregacie,ręczny przegląd krytycznej ścieżki,
mobile/android/app/src/main/kotlin/org/torchat/mobile/StartupPlatformLogger.kt,Kod mobilny i integracje platformowe,91,3237,przejrzany w dostarczonym agregacie,ręczny przegląd krytycznej ścieżki,
mobile/android/app/src/main/kotlin/org/torchat/mobile/TorChatApplication.kt,Kod mobilny i integracje platformowe,69,2546,przejrzany w dostarczonym agregacie,ręczny przegląd krytycznej ścieżki,
mobile/android/app/src/main/kotlin/org/torchat/mobile/TorChatForegroundService.kt,Kod mobilny i integracje platformowe,1040,45067,przejrzany w dostarczonym agregacie,ręczny przegląd krytycznej ścieżki,
mobile/android/app/src/main/kotlin/org/torchat/security/LocalSecretStore.kt,Kod mobilny i integracje platformowe,120,4659,przejrzany w dostarczonym agregacie,ręczny przegląd krytycznej ścieżki,
mobile/android/app/src/main/kotlin/org/torchat/security/TorRuntime.kt,Kod mobilny i integracje platformowe,257,10626,przejrzany w dostarczonym agregacie,ręczny przegląd krytycznej ścieżki,
mobile/android/app/src/main/res/drawable-v21/launch_background.xml,Kod mobilny i integracje platformowe,13,439,przejrzany w dostarczonym agregacie,przegląd statyczny i semantyczny,
mobile/android/app/src/main/res/drawable/ic_stat_tor.xml,Kod mobilny i integracje platformowe,10,704,przejrzany w dostarczonym agregacie,przegląd statyczny i semantyczny,
mobile/android/app/src/main/res/drawable/launch_background.xml,Kod mobilny i integracje platformowe,13,439,przejrzany w dostarczonym agregacie,przegląd statyczny i semantyczny,
mobile/android/app/src/main/res/values-night/styles.xml,Kod mobilny i integracje platformowe,19,995,przejrzany w dostarczonym agregacie,przegląd statyczny i semantyczny,
mobile/android/app/src/main/res/values/colors.xml,Kod mobilny i integracje platformowe,4,78,przejrzany w dostarczonym agregacie,przegląd statyczny i semantyczny,
mobile/android/app/src/main/res/values/styles.xml,Kod mobilny i integracje platformowe,19,996,przejrzany w dostarczonym agregacie,przegląd statyczny i semantyczny,
mobile/android/app/src/profile/AndroidManifest.xml,Kod mobilny i integracje platformowe,8,378,przejrzany w dostarczonym agregacie,przegląd statyczny i semantyczny,
mobile/android/app/src/test/kotlin/org/torchat/mobile/AndroidEngineEventMapperTest.kt,Testy,46,1494,przejrzany w dostarczonym agregacie,przegląd zakresu i asercji,
mobile/android/app/src/test/kotlin/org/torchat/mobile/AndroidEngineEventPumpNotificationTest.kt,Testy,46,1436,przejrzany w dostarczonym agregacie,przegląd zakresu i asercji,
mobile/android/app/src/test/kotlin/org/torchat/mobile/RuntimeContractManifestTest.kt,Testy,123,4874,przejrzany w dostarczonym agregacie,przegląd zakresu i asercji,
mobile/android/build.gradle.kts,Kod mobilny i integracje platformowe,25,537,przejrzany w dostarczonym agregacie,przegląd statyczny i semantyczny,
mobile/android/gradle.properties,Kod mobilny i integracje platformowe,6,316,przejrzany w dostarczonym agregacie,przegląd statyczny i semantyczny,
mobile/android/gradle/wrapper/gradle-wrapper.properties,"Kod wygenerowany, lock i zasoby zależności",6,201,przejrzany w dostarczonym agregacie,kontrola pochodzenia/generowania lub zależności,
mobile/android/gradlew.bat,"Kod wygenerowany, lock i zasoby zależności",91,2314,przejrzany w dostarczonym agregacie,kontrola pochodzenia/generowania lub zależności,
mobile/android/settings.gradle.kts,Kod mobilny i integracje platformowe,27,772,przejrzany w dostarczonym agregacie,przegląd statyczny i semantyczny,
mobile/assets/fonts/PixelifySans-OFL.txt,"Kod wygenerowany, lock i zasoby zależności",94,4395,przejrzany w dostarczonym agregacie,kontrola pochodzenia/generowania lub zależności,
mobile/assets/fonts/PressStart2P-OFL.txt,"Kod wygenerowany, lock i zasoby zależności",94,4414,przejrzany w dostarczonym agregacie,kontrola pochodzenia/generowania lub zależności,
mobile/integration_test/android_pairing_flow_test.dart,Testy,46,1882,przejrzany w dostarczonym agregacie,przegląd zakresu i asercji,
mobile/lib/app/app_controller.dart,Kod produkcyjny,17,459,przejrzany w dostarczonym agregacie,ręczny przegląd krytycznej ścieżki,
mobile/lib/app/app_controller_base.dart,Kod produkcyjny,918,31206,przejrzany w dostarczonym agregacie,ręczny przegląd krytycznej ścieżki,
mobile/lib/app/app_theme.dart,Kod produkcyjny,28,914,przejrzany w dostarczonym agregacie,ręczny przegląd krytycznej ścieżki,
mobile/lib/app/application_snapshot_provider.dart,Kod produkcyjny,20,688,przejrzany w dostarczonym agregacie,ręczny przegląd krytycznej ścieżki,
mobile/lib/app/conversation_navigation_intent.dart,Kod produkcyjny,35,870,przejrzany w dostarczonym agregacie,ręczny przegląd krytycznej ścieżki,
mobile/lib/app/conversation_preferences.dart,Kod produkcyjny,149,4456,przejrzany w dostarczonym agregacie,ręczny przegląd krytycznej ścieżki,
mobile/lib/app/desktop_autostart.dart,Kod produkcyjny,39,849,przejrzany w dostarczonym agregacie,ręczny przegląd krytycznej ścieżki,
mobile/lib/app/desktop_navigation_intent.dart,Kod produkcyjny,17,440,przejrzany w dostarczonym agregacie,ręczny przegląd krytycznej ścieżki,
mobile/lib/app/desktop_notification_service.dart,Kod produkcyjny,94,3112,przejrzany w dostarczonym agregacie,ręczny przegląd krytycznej ścieżki,
mobile/lib/app/desktop_window_lifecycle.dart,Kod produkcyjny,215,6813,przejrzany w dostarczonym agregacie,ręczny przegląd krytycznej ścieżki,
mobile/lib/app/notification_safe_app_controller.dart,Kod produkcyjny,222,7353,przejrzany w dostarczonym agregacie,ręczny przegląd krytycznej ścieżki,
mobile/lib/app/notifications/toast_message.dart,Kod produkcyjny,39,845,przejrzany w dostarczonym agregacie,ręczny przegląd krytycznej ścieżki,
mobile/lib/app/notifications/ui_notification_center.dart,Kod produkcyjny,111,3493,przejrzany w dostarczonym agregacie,ręczny przegląd krytycznej ścieżki,
mobile/lib/app/pairing_recovery_app_controller.dart,Kod produkcyjny,415,12904,przejrzany w dostarczonym agregacie,ręczny przegląd krytycznej ścieżki,
mobile/lib/app/sequential_app_controller.dart,Kod produkcyjny,555,20032,przejrzany w dostarczonym agregacie,ręczny przegląd krytycznej ścieżki,
mobile/lib/app/theme/extensions/torchat_activity_theme.dart,Kod produkcyjny,118,3853,przejrzany w dostarczonym agregacie,ręczny przegląd krytycznej ścieżki,
mobile/lib/app/theme/extensions/torchat_chat_theme.dart,Kod produkcyjny,132,4844,przejrzany w dostarczonym agregacie,ręczny przegląd krytycznej ścieżki,
mobile/lib/app/theme/extensions/torchat_effects_theme.dart,Kod produkcyjny,71,2120,przejrzany w dostarczonym agregacie,ręczny przegląd krytycznej ścieżki,
mobile/lib/app/theme/extensions/torchat_inbox_theme.dart,Kod produkcyjny,153,5288,przejrzany w dostarczonym agregacie,ręczny przegląd krytycznej ścieżki,
mobile/lib/app/theme/extensions/torchat_shell_theme.dart,Kod produkcyjny,134,4714,przejrzany w dostarczonym agregacie,ręczny przegląd krytycznej ścieżki,
mobile/lib/app/theme/extensions/torchat_status_theme.dart,Kod produkcyjny,82,2572,przejrzany w dostarczonym agregacie,ręczny przegląd krytycznej ścieżki,
mobile/lib/app/theme/families/current_theme.dart,Kod produkcyjny,287,9008,przejrzany w dostarczonym agregacie,ręczny przegląd krytycznej ścieżki,
mobile/lib/app/theme/families/retro_theme.dart,Kod produkcyjny,723,22686,przejrzany w dostarczonym agregacie,ręczny przegląd krytycznej ścieżki,
mobile/lib/app/theme/reduced_motion_policy.dart,Kod produkcyjny,20,663,przejrzany w dostarczonym agregacie,ręczny przegląd krytycznej ścieżki,
mobile/lib/app/theme/theme_controller.dart,Kod produkcyjny,55,1713,przejrzany w dostarczonym agregacie,ręczny przegląd krytycznej ścieżki,
mobile/lib/app/theme/theme_preferences.dart,Kod produkcyjny,83,2593,przejrzany w dostarczonym agregacie,ręczny przegląd krytycznej ścieżki,
mobile/lib/app/theme/theme_preferences_store.dart,Kod produkcyjny,48,1625,przejrzany w dostarczonym agregacie,ręczny przegląd krytycznej ścieżki,
mobile/lib/app/theme/theme_registry.dart,Kod produkcyjny,128,4255,przejrzany w dostarczonym agregacie,ręczny przegląd krytycznej ścieżki,
mobile/lib/app/theme/torchat_theme.dart,Kod produkcyjny,13,485,przejrzany w dostarczonym agregacie,ręczny przegląd krytycznej ścieżki,
mobile/lib/app/theme/widgets/themed_icon.dart,Kod produkcyjny,56,1826,przejrzany w dostarczonym agregacie,ręczny przegląd krytycznej ścieżki,
mobile/lib/app/ui_operation_registry.dart,Kod produkcyjny,73,2592,przejrzany w dostarczonym agregacie,ręczny przegląd krytycznej ścieżki,
mobile/lib/client_runtime.dart,Kod produkcyjny,407,14634,przejrzany w dostarczonym agregacie,przegląd statyczny i semantyczny,
mobile/lib/core/application_state/application_snapshot.dart,Kod produkcyjny,110,3352,przejrzany w dostarczonym agregacie,przegląd statyczny i semantyczny,
mobile/lib/core/application_state/application_snapshot_patch.dart,Kod produkcyjny,70,2079,przejrzany w dostarczonym agregacie,przegląd statyczny i semantyczny,
mobile/lib/core/application_state/application_state_store.dart,Kod produkcyjny,227,7897,przejrzany w dostarczonym agregacie,przegląd statyczny i semantyczny,
mobile/lib/core/application_state/unread_summary.dart,Kod produkcyjny,44,1386,przejrzany w dostarczonym agregacie,przegląd statyczny i semantyczny,
mobile/lib/core/attachments/encrypted_image_store.dart,Kod produkcyjny,235,8052,przejrzany w dostarczonym agregacie,przegląd statyczny i semantyczny,
mobile/lib/core/attachments/image_attachment_picker.dart,Kod produkcyjny,48,1540,przejrzany w dostarczonym agregacie,przegląd statyczny i semantyczny,
mobile/lib/core/attachments/image_gallery_service.dart,Kod produkcyjny,26,712,przejrzany w dostarczonym agregacie,przegląd statyczny i semantyczny,
mobile/lib/core/attachments/image_message_codec.dart,Kod produkcyjny,123,3652,przejrzany w dostarczonym agregacie,przegląd statyczny i semantyczny,
mobile/lib/core/connection/app_state_connection.dart,Kod produkcyjny,20,636,przejrzany w dostarczonym agregacie,przegląd statyczny i semantyczny,
mobile/lib/core/connection/connection_component.dart,Kod produkcyjny,82,2552,przejrzany w dostarczonym agregacie,przegląd statyczny i semantyczny,
mobile/lib/core/connection/connection_gate.dart,Kod produkcyjny,28,906,przejrzany w dostarczonym agregacie,przegląd statyczny i semantyczny,
mobile/lib/core/connection/connection_readiness.dart,Kod produkcyjny,383,13339,przejrzany w dostarczonym agregacie,przegląd statyczny i semantyczny,
mobile/lib/core/connection/connection_summary.dart,Kod produkcyjny,85,2687,przejrzany w dostarczonym agregacie,przegląd statyczny i semantyczny,
mobile/lib/core/connection/sequential_connection_sequence.dart,Kod produkcyjny,42,1098,przejrzany w dostarczonym agregacie,przegląd statyczny i semantyczny,
mobile/lib/core/models/domain.dart,Kod produkcyjny,1061,32930,przejrzany w dostarczonym agregacie,przegląd statyczny i semantyczny,
mobile/lib/core/models/generated/runtime_models.g.dart,"Kod wygenerowany, lock i zasoby zależności",282,7802,przejrzany w dostarczonym agregacie,kontrola pochodzenia/generowania lub zależności,
mobile/lib/core/presence/contact_presence_snapshot.dart,Kod produkcyjny,60,1651,przejrzany w dostarczonym agregacie,przegląd statyczny i semantyczny,
mobile/lib/core/presence/contact_presence_store.dart,Kod produkcyjny,26,791,przejrzany w dostarczonym agregacie,przegląd statyczny i semantyczny,
mobile/lib/core/presence/contact_probe_coordinator.dart,Kod produkcyjny,191,5792,przejrzany w dostarczonym agregacie,przegląd statyczny i semantyczny,
mobile/lib/core/problems/runtime_problem_classifier.dart,Kod produkcyjny,84,2631,przejrzany w dostarczonym agregacie,przegląd statyczny i semantyczny,
mobile/lib/core/relationships/relationship_message.dart,Kod produkcyjny,38,1150,przejrzany w dostarczonym agregacie,ręczny przegląd krytycznej ścieżki,
mobile/lib/core/runtime/generated/runtime_contract.g.dart,"Kod wygenerowany, lock i zasoby zależności",336,15551,przejrzany w dostarczonym agregacie,ręczny przegląd krytycznej ścieżki,
mobile/lib/core/runtime/message_paging.dart,Kod produkcyjny,66,2028,przejrzany w dostarczonym agregacie,ręczny przegląd krytycznej ścieżki,
mobile/lib/core/runtime/message_projection.dart,Kod produkcyjny,11,444,przejrzany w dostarczonym agregacie,ręczny przegląd krytycznej ścieżki,
mobile/lib/core/runtime/runtime_arguments.dart,Kod produkcyjny,92,2952,przejrzany w dostarczonym agregacie,ręczny przegląd krytycznej ścieżki,
mobile/lib/core/runtime/runtime_bridge_base.dart,Kod produkcyjny,353,10978,przejrzany w dostarczonym agregacie,ręczny przegląd krytycznej ścieżki,
mobile/lib/core/runtime/runtime_contract.dart,Kod produkcyjny,2,44,przejrzany w dostarczonym agregacie,ręczny przegląd krytycznej ścieżki,
mobile/lib/core/runtime/runtime_line.dart,Kod produkcyjny,149,4774,przejrzany w dostarczonym agregacie,ręczny przegląd krytycznej ścieżki,
mobile/lib/core/runtime/runtime_payload.dart,Kod produkcyjny,160,6237,przejrzany w dostarczonym agregacie,ręczny przegląd krytycznej ścieżki,
mobile/lib/core/runtime/runtime_repository.dart,Kod produkcyjny,818,28585,przejrzany w dostarczonym agregacie,ręczny przegląd krytycznej ścieżki,
mobile/lib/core/runtime/runtime_repository_models.dart,Kod produkcyjny,65,1521,przejrzany w dostarczonym agregacie,ręczny przegląd krytycznej ścieżki,
mobile/lib/core/runtime/runtime_response.dart,Kod produkcyjny,29,683,przejrzany w dostarczonym agregacie,ręczny przegląd krytycznej ścieżki,
mobile/lib/core/startup/sequential_startup_orchestrator.dart,Kod produkcyjny,327,9872,przejrzany w dostarczonym agregacie,przegląd statyczny i semantyczny,
mobile/lib/features/account/account_view.dart,Kod produkcyjny,72,2246,przejrzany w dostarczonym agregacie,przegląd statyczny i semantyczny,
mobile/lib/features/account/image_storage_settings_section.dart,Kod produkcyjny,167,5211,przejrzany w dostarczonym agregacie,przegląd statyczny i semantyczny,
mobile/lib/features/account/settings_view.dart,Kod produkcyjny,502,18368,przejrzany w dostarczonym agregacie,przegląd statyczny i semantyczny,
mobile/lib/features/chats/composer_draft.dart,Kod produkcyjny,30,637,przejrzany w dostarczonym agregacie,przegląd statyczny i semantyczny,
mobile/lib/features/chats/message_bubble.dart,Kod produkcyjny,268,9110,przejrzany w dostarczonym agregacie,przegląd statyczny i semantyczny,
mobile/lib/features/chats/release_chat_view.dart,Kod produkcyjny,1206,43982,przejrzany w dostarczonym agregacie,przegląd statyczny i semantyczny,
mobile/lib/features/chats/release_message_bubble.dart,Kod produkcyjny,510,16757,przejrzany w dostarczonym agregacie,przegląd statyczny i semantyczny,
mobile/lib/features/connection/connection_center_sheet.dart,Kod produkcyjny,279,10574,przejrzany w dostarczonym agregacie,przegląd statyczny i semantyczny,
mobile/lib/features/contacts/contacts_view.dart,Kod produkcyjny,715,29038,przejrzany w dostarczonym agregacie,przegląd statyczny i semantyczny,
mobile/lib/features/invites/invite_scanner.dart,Kod produkcyjny,201,6452,przejrzany w dostarczonym agregacie,przegląd statyczny i semantyczny,
mobile/lib/features/onboarding/connection_warmup_screen.dart,Kod produkcyjny,231,8557,przejrzany w dostarczonym agregacie,przegląd statyczny i semantyczny,
mobile/lib/features/onboarding/nickname_onboarding_screen.dart,Kod produkcyjny,110,4166,przejrzany w dostarczonym agregacie,przegląd statyczny i semantyczny,
mobile/lib/features/onboarding/onboarding_support_views.dart,Kod produkcyjny,459,15171,przejrzany w dostarczonym agregacie,przegląd statyczny i semantyczny,
mobile/lib/features/onboarding/onboarding_views.dart,Kod produkcyjny,536,15941,przejrzany w dostarczonym agregacie,przegląd statyczny i semantyczny,
mobile/lib/features/shell/desktop/desktop_workspace.dart,Kod produkcyjny,855,30045,przejrzany w dostarczonym agregacie,przegląd statyczny i semantyczny,
mobile/lib/features/shell/desktop/resizable_split_pane.dart,Kod produkcyjny,148,4448,przejrzany w dostarczonym agregacie,przegląd statyczny i semantyczny,
mobile/lib/features/shell/main_shell.dart,Kod produkcyjny,364,13817,przejrzany w dostarczonym agregacie,przegląd statyczny i semantyczny,
mobile/lib/main.dart,Kod produkcyjny,728,25623,przejrzany w dostarczonym agregacie,przegląd statyczny i semantyczny,
mobile/lib/mobile_bridge.dart,Kod mobilny i integracje platformowe,69,2545,przejrzany w dostarczonym agregacie,przegląd statyczny i semantyczny,
mobile/lib/shared/async/async_operation_state.dart,Kod produkcyjny,44,1196,przejrzany w dostarczonym agregacie,przegląd statyczny i semantyczny,
mobile/lib/shared/async/busy_action_button.dart,Kod produkcyjny,69,1735,przejrzany w dostarczonym agregacie,przegląd statyczny i semantyczny,
mobile/lib/shared/async/busy_surface.dart,Kod produkcyjny,188,5363,przejrzany w dostarczonym agregacie,przegląd statyczny i semantyczny,
mobile/lib/shared/async/themed_activity_indicator.dart,Kod produkcyjny,91,2485,przejrzany w dostarczonym agregacie,przegląd statyczny i semantyczny,
mobile/lib/shared/formatters/conversation_display.dart,Kod produkcyjny,45,1266,przejrzany w dostarczonym agregacie,przegląd statyczny i semantyczny,
mobile/lib/shared/formatters/invite_code.dart,Kod produkcyjny,52,1430,przejrzany w dostarczonym agregacie,przegląd statyczny i semantyczny,
mobile/lib/shared/formatters/message_timestamps.dart,Kod produkcyjny,64,1883,przejrzany w dostarczonym agregacie,przegląd statyczny i semantyczny,
mobile/lib/shared/formatters/operation_status.dart,Kod produkcyjny,28,1346,przejrzany w dostarczonym agregacie,przegląd statyczny i semantyczny,
mobile/lib/shared/widgets/action_section.dart,Kod produkcyjny,30,568,przejrzany w dostarczonym agregacie,przegląd statyczny i semantyczny,
mobile/lib/shared/widgets/action_tile.dart,Kod produkcyjny,33,808,przejrzany w dostarczonym agregacie,przegląd statyczny i semantyczny,
mobile/lib/shared/widgets/callout_card.dart,Kod produkcyjny,74,2037,przejrzany w dostarczonym agregacie,przegląd statyczny i semantyczny,
mobile/lib/shared/widgets/contact_list_section.dart,Kod produkcyjny,167,5566,przejrzany w dostarczonym agregacie,przegląd statyczny i semantyczny,
mobile/lib/shared/widgets/conversation_list_section.dart,Kod produkcyjny,327,11703,przejrzany w dostarczonym agregacie,przegląd statyczny i semantyczny,
mobile/lib/shared/widgets/copyable_info_tile.dart,Kod produkcyjny,40,954,przejrzany w dostarczonym agregacie,przegląd statyczny i semantyczny,
mobile/lib/shared/widgets/counter_badge.dart,Kod produkcyjny,82,2290,przejrzany w dostarczonym agregacie,przegląd statyczny i semantyczny,
mobile/lib/shared/widgets/empty_state.dart,Kod produkcyjny,30,753,przejrzany w dostarczonym agregacie,przegląd statyczny i semantyczny,
mobile/lib/shared/widgets/feature_header.dart,Kod produkcyjny,60,1653,przejrzany w dostarczonym agregacie,przegląd statyczny i semantyczny,
mobile/lib/shared/widgets/identity_avatar.dart,Kod produkcyjny,131,3731,przejrzany w dostarczonym agregacie,przegląd statyczny i semantyczny,
mobile/lib/shared/widgets/identity_section.dart,Kod produkcyjny,42,1030,przejrzany w dostarczonym agregacie,przegląd statyczny i semantyczny,
mobile/lib/shared/widgets/info_tile.dart,Kod produkcyjny,33,784,przejrzany w dostarczonym agregacie,przegląd statyczny i semantyczny,
mobile/lib/shared/widgets/list_items.dart,Kod produkcyjny,251,7826,przejrzany w dostarczonym agregacie,przegląd statyczny i semantyczny,
mobile/lib/shared/widgets/message_delivery_surface.dart,Kod produkcyjny,77,1711,przejrzany w dostarczonym agregacie,przegląd statyczny i semantyczny,
mobile/lib/shared/widgets/profile_summary.dart,Kod produkcyjny,42,994,przejrzany w dostarczonym agregacie,przegląd statyczny i semantyczny,
mobile/lib/shared/widgets/section_card.dart,Kod produkcyjny,76,2126,przejrzany w dostarczonym agregacie,przegląd statyczny i semantyczny,
mobile/lib/shared/widgets/status_banner.dart,Kod produkcyjny,25,784,przejrzany w dostarczonym agregacie,przegląd statyczny i semantyczny,
mobile/lib/shared/widgets/status_probe.dart,Kod produkcyjny,197,5951,przejrzany w dostarczonym agregacie,przegląd statyczny i semantyczny,
mobile/lib/shared/widgets/themed_switch_list_tile.dart,Kod produkcyjny,111,3179,przejrzany w dostarczonym agregacie,przegląd statyczny i semantyczny,
mobile/lib/shared/widgets/toast_host.dart,Kod produkcyjny,166,5067,przejrzany w dostarczonym agregacie,przegląd statyczny i semantyczny,
mobile/lib/shared/widgets/tor_status_bar.dart,Kod produkcyjny,389,13151,przejrzany w dostarczonym agregacie,przegląd statyczny i semantyczny,
mobile/lib/windows_runtime.dart,Kod mobilny i integracje platformowe,620,21688,przejrzany w dostarczonym agregacie,przegląd statyczny i semantyczny,
mobile/linux/.gitignore,Kod mobilny i integracje platformowe,2,18,przejrzany w dostarczonym agregacie,przegląd statyczny i semantyczny,
mobile/linux/CMakeLists.txt,Kod mobilny i integracje platformowe,129,4767,przejrzany w dostarczonym agregacie,przegląd statyczny i semantyczny,
mobile/linux/flutter/CMakeLists.txt,Kod mobilny i integracje platformowe,89,2815,przejrzany w dostarczonym agregacie,przegląd statyczny i semantyczny,
mobile/linux/flutter/generated_plugin_registrant.cc,"Kod wygenerowany, lock i zasoby zależności",32,1613,przejrzany w dostarczonym agregacie,kontrola pochodzenia/generowania lub zależności,
mobile/linux/flutter/generated_plugin_registrant.h,"Kod wygenerowany, lock i zasoby zależności",16,303,przejrzany w dostarczonym agregacie,kontrola pochodzenia/generowania lub zależności,
mobile/linux/flutter/generated_plugins.cmake,"Kod wygenerowany, lock i zasoby zależności",30,850,przejrzany w dostarczonym agregacie,kontrola pochodzenia/generowania lub zależności,
mobile/linux/runner/CMakeLists.txt,Kod mobilny i integracje platformowe,27,974,przejrzany w dostarczonym agregacie,przegląd statyczny i semantyczny,
mobile/linux/runner/main.cc,Kod mobilny i integracje platformowe,7,180,przejrzany w dostarczonym agregacie,przegląd statyczny i semantyczny,
mobile/linux/runner/my_application.cc,Kod mobilny i integracje platformowe,149,5467,przejrzany w dostarczonym agregacie,przegląd statyczny i semantyczny,
mobile/linux/runner/my_application.h,Kod mobilny i integracje platformowe,22,451,przejrzany w dostarczonym agregacie,przegląd statyczny i semantyczny,
mobile/macos/.gitignore,Kod mobilny i integracje platformowe,8,89,przejrzany w dostarczonym agregacie,przegląd statyczny i semantyczny,
mobile/macos/Flutter/GeneratedPluginRegistrant.swift,"Kod wygenerowany, lock i zasoby zależności",29,1204,przejrzany w dostarczonym agregacie,kontrola pochodzenia/generowania lub zależności,
mobile/macos/Runner/AppDelegate.swift,Kod mobilny i integracje platformowe,14,311,przejrzany w dostarczonym agregacie,przegląd statyczny i semantyczny,
mobile/macos/Runner/Assets.xcassets/AppIcon.appiconset/Contents.json,Kod mobilny i integracje platformowe,69,1291,przejrzany w dostarczonym agregacie,przegląd statyczny i semantyczny,
mobile/macos/Runner/MainFlutterWindow.swift,Kod mobilny i integracje platformowe,16,388,przejrzany w dostarczonym agregacie,przegląd statyczny i semantyczny,
mobile/macos/RunnerTests/RunnerTests.swift,Testy,13,290,przejrzany w dostarczonym agregacie,przegląd zakresu i asercji,
mobile/pubspec.lock,"Kod wygenerowany, lock i zasoby zależności",834,24512,przejrzany w dostarczonym agregacie,kontrola pochodzenia/generowania lub zależności,
mobile/pubspec.yaml,Dokumentacja i konfiguracja repozytorium,49,972,przejrzany w dostarczonym agregacie,przegląd statyczny i semantyczny,
mobile/test/android_background_runtime_contract_test.dart,Testy,62,2414,przejrzany w dostarczonym agregacie,przegląd zakresu i asercji,
mobile/test/app/theme_contrast_test.dart,Testy,56,2324,przejrzany w dostarczonym agregacie,przegląd zakresu i asercji,
mobile/test/automatic_pairing_trust_contract_test.dart,Testy,32,1002,przejrzany w dostarczonym agregacie,przegląd zakresu i asercji,
mobile/test/contact_presence_coordinator_test.dart,Testy,77,2587,przejrzany w dostarczonym agregacie,przegląd zakresu i asercji,
mobile/test/contact_status_presentation_test.dart,Testy,59,1895,przejrzany w dostarczonym agregacie,przegląd zakresu i asercji,
mobile/test/conversation_display_test.dart,Testy,14,506,przejrzany w dostarczonym agregacie,przegląd zakresu i asercji,
mobile/test/core/application_state/application_snapshot_test.dart,Testy,159,4345,przejrzany w dostarczonym agregacie,przegląd zakresu i asercji,
mobile/test/core/application_state/runtime_repository_snapshot_test.dart,Testy,466,13787,przejrzany w dostarczonym agregacie,przegląd zakresu i asercji,
mobile/test/core/attachments/encrypted_image_store_test.dart,Testy,91,3046,przejrzany w dostarczonym agregacie,przegląd zakresu i asercji,
mobile/test/core/attachments/image_attachment_preferences_test.dart,Testy,27,688,przejrzany w dostarczonym agregacie,przegląd zakresu i asercji,
mobile/test/core/attachments/image_message_codec_test.dart,Testy,62,2070,przejrzany w dostarczonym agregacie,przegląd zakresu i asercji,
mobile/test/core/connection/connection_readiness_test.dart,Testy,141,4691,przejrzany w dostarczonym agregacie,przegląd zakresu i asercji,
mobile/test/core/connection/sequential_connection_readiness_test.dart,Testy,75,3404,przejrzany w dostarczonym agregacie,przegląd zakresu i asercji,
mobile/test/core/connection/sequential_connection_sequence_test.dart,Testy,71,3075,przejrzany w dostarczonym agregacie,przegląd zakresu i asercji,
mobile/test/core/problems/runtime_problem_classifier_test.dart,Testy,41,1444,przejrzany w dostarczonym agregacie,przegląd zakresu i asercji,
mobile/test/core/relationships/relationship_message_test.dart,Testy,44,1309,przejrzany w dostarczonym agregacie,przegląd zakresu i asercji,
mobile/test/core/startup/sequential_startup_orchestrator_test.dart,Testy,92,2874,przejrzany w dostarczonym agregacie,przegląd zakresu i asercji,
mobile/test/domain_model_test.dart,Testy,318,10415,przejrzany w dostarczonym agregacie,przegląd zakresu i asercji,
mobile/test/features/chats/release_chat_view_history_test.dart,Testy,123,3928,przejrzany w dostarczonym agregacie,przegląd zakresu i asercji,
mobile/test/features/shell/main_shell_shortcuts_test.dart,Testy,110,3401,przejrzany w dostarczonym agregacie,przegląd zakresu i asercji,
mobile/test/invite_code_formatter_test.dart,Testy,19,702,przejrzany w dostarczonym agregacie,przegląd zakresu i asercji,
mobile/test/pairing_origin_test.dart,Testy,48,1248,przejrzany w dostarczonym agregacie,przegląd zakresu i asercji,
mobile/test/release_0_1_contract_test.dart,Testy,76,3317,przejrzany w dostarczonym agregacie,przegląd zakresu i asercji,
mobile/test/runtime_contract_fixture_test.dart,Testy,54,1893,przejrzany w dostarczonym agregacie,przegląd zakresu i asercji,
mobile/test/runtime_contract_manifest_test.dart,Testy,120,4170,przejrzany w dostarczonym agregacie,przegląd zakresu i asercji,
mobile/test/sequential_warmup_contract_test.dart,Testy,119,4250,przejrzany w dostarczonym agregacie,przegląd zakresu i asercji,
mobile/test/shared_widgets_test.dart,Testy,43,1325,przejrzany w dostarczonym agregacie,przegląd zakresu i asercji,
mobile/test/theme_contract_test.dart,Testy,169,5510,przejrzany w dostarczonym agregacie,przegląd zakresu i asercji,
mobile/test/theme_preferences_store_test.dart,Testy,49,1605,przejrzany w dostarczonym agregacie,przegląd zakresu i asercji,
mobile/test/tor_status_formatter_test.dart,Testy,19,768,przejrzany w dostarczonym agregacie,przegląd zakresu i asercji,
mobile/test/ui_flow_test.dart,Testy,1673,50547,przejrzany w dostarczonym agregacie,przegląd zakresu i asercji,
mobile/test/ui_notification_center_test.dart,Testy,55,2081,przejrzany w dostarczonym agregacie,przegląd zakresu i asercji,
mobile/test/ui_polish_contract_test.dart,Testy,104,3635,przejrzany w dostarczonym agregacie,przegląd zakresu i asercji,
mobile/test/unread_summary_test.dart,Testy,30,992,przejrzany w dostarczonym agregacie,przegląd zakresu i asercji,
mobile/test/widget_test.dart,Testy,248,7769,przejrzany w dostarczonym agregacie,przegląd zakresu i asercji,
mobile/windows/.gitignore,Kod mobilny i integracje platformowe,18,291,przejrzany w dostarczonym agregacie,przegląd statyczny i semantyczny,
mobile/windows/CMakeLists.txt,Kod mobilny i integracje platformowe,109,4164,przejrzany w dostarczonym agregacie,przegląd statyczny i semantyczny,
mobile/windows/flutter/CMakeLists.txt,Kod mobilny i integracje platformowe,110,3742,przejrzany w dostarczonym agregacie,przegląd statyczny i semantyczny,
mobile/windows/flutter/generated_plugin_registrant.cc,"Kod wygenerowany, lock i zasoby zależności",30,1182,przejrzany w dostarczonym agregacie,kontrola pochodzenia/generowania lub zależności,
mobile/windows/flutter/generated_plugin_registrant.h,"Kod wygenerowany, lock i zasoby zależności",16,302,przejrzany w dostarczonym agregacie,kontrola pochodzenia/generowania lub zależności,
mobile/windows/flutter/generated_plugins.cmake,"Kod wygenerowany, lock i zasoby zależności",31,864,przejrzany w dostarczonym agregacie,kontrola pochodzenia/generowania lub zależności,
mobile/windows/runner/CMakeLists.txt,Kod mobilny i integracje platformowe,51,2316,przejrzany w dostarczonym agregacie,przegląd statyczny i semantyczny,
mobile/windows/runner/flutter_window.cpp,Kod mobilny i integracje platformowe,134,4569,przejrzany w dostarczonym agregacie,przegląd statyczny i semantyczny,
mobile/windows/runner/flutter_window.h,Kod mobilny i integracje platformowe,39,1149,przejrzany w dostarczonym agregacie,przegląd statyczny i semantyczny,
mobile/windows/runner/main.cpp,Kod mobilny i integracje platformowe,44,1267,przejrzany w dostarczonym agregacie,przegląd statyczny i semantyczny,
mobile/windows/runner/resource.h,Kod mobilny i integracje platformowe,17,432,przejrzany w dostarczonym agregacie,przegląd statyczny i semantyczny,
mobile/windows/runner/utils.cpp,Kod mobilny i integracje platformowe,66,1797,przejrzany w dostarczonym agregacie,przegląd statyczny i semantyczny,
mobile/windows/runner/utils.h,Kod mobilny i integracje platformowe,20,672,przejrzany w dostarczonym agregacie,przegląd statyczny i semantyczny,
mobile/windows/runner/win32_window.cpp,Kod mobilny i integracje platformowe,289,8534,przejrzany w dostarczonym agregacie,przegląd statyczny i semantyczny,
mobile/windows/runner/win32_window.h,Kod mobilny i integracje platformowe,103,3522,przejrzany w dostarczonym agregacie,przegląd statyczny i semantyczny,
protocol/dev-fixtures/android-peer.json,Kod produkcyjny,5,21202,przejrzany w dostarczonym agregacie,przegląd statyczny i semantyczny,
scripts/internal/build-android-core.ps1,"Skrypty, CI/CD i infrastruktura",164,7014,przejrzany w dostarczonym agregacie,przegląd statyczny konfiguracji i ścieżek wdrożenia,
scripts/internal/build-cache.ps1,"Skrypty, CI/CD i infrastruktura",115,4070,przejrzany w dostarczonym agregacie,przegląd statyczny konfiguracji i ścieżek wdrożenia,
scripts/internal/build-clients.ps1,"Skrypty, CI/CD i infrastruktura",347,16209,przejrzany w dostarczonym agregacie,przegląd statyczny konfiguracji i ścieżek wdrożenia,
scripts/internal/build-desktop-runtime.ps1,"Skrypty, CI/CD i infrastruktura",81,3832,przejrzany w dostarczonym agregacie,przegląd statyczny konfiguracji i ścieżek wdrożenia,
scripts/internal/check-android-engine-symbols.ps1,"Skrypty, CI/CD i infrastruktura",47,2282,przejrzany w dostarczonym agregacie,przegląd statyczny konfiguracji i ścieżek wdrożenia,
scripts/internal/check-clean-architecture.ps1,"Skrypty, CI/CD i infrastruktura",85,4596,przejrzany w dostarczonym agregacie,przegląd statyczny konfiguracji i ścieżek wdrożenia,
scripts/internal/check-runtime-contract.ps1,"Skrypty, CI/CD i infrastruktura",241,7666,przejrzany w dostarczonym agregacie,przegląd statyczny konfiguracji i ścieżek wdrożenia,
scripts/internal/check-server-relay-ephemeral.ps1,"Skrypty, CI/CD i infrastruktura",28,621,przejrzany w dostarczonym agregacie,przegląd statyczny konfiguracji i ścieżek wdrożenia,
scripts/internal/check-source-size.ps1,"Skrypty, CI/CD i infrastruktura",214,6829,przejrzany w dostarczonym agregacie,przegląd statyczny konfiguracji i ścieżek wdrożenia,
scripts/internal/check-sql-isolation.ps1,"Skrypty, CI/CD i infrastruktura",35,1125,przejrzany w dostarczonym agregacie,przegląd statyczny konfiguracji i ścieżek wdrożenia,
scripts/internal/check-text-encoding.ps1,"Skrypty, CI/CD i infrastruktura",54,1920,przejrzany w dostarczonym agregacie,przegląd statyczny konfiguracji i ścieżek wdrożenia,
scripts/internal/ensure-desktop-tor.ps1,"Skrypty, CI/CD i infrastruktura",58,2676,przejrzany w dostarczonym agregacie,przegląd statyczny konfiguracji i ścieżek wdrożenia,
scripts/internal/environment.ps1,"Skrypty, CI/CD i infrastruktura",91,4934,przejrzany w dostarczonym agregacie,przegląd statyczny konfiguracji i ścieżek wdrożenia,
scripts/modules/TorChat.Android.psm1,"Skrypty, CI/CD i infrastruktura",388,19791,przejrzany w dostarczonym agregacie,przegląd statyczny konfiguracji i ścieżek wdrożenia,
scripts/modules/TorChat.Build.psm1,"Skrypty, CI/CD i infrastruktura",475,25142,przejrzany w dostarczonym agregacie,przegląd statyczny konfiguracji i ścieżek wdrożenia,
scripts/modules/TorChat.Commands.psm1,"Skrypty, CI/CD i infrastruktura",693,35853,przejrzany w dostarczonym agregacie,przegląd statyczny konfiguracji i ścieżek wdrożenia,
scripts/modules/TorChat.Core.psm1,"Skrypty, CI/CD i infrastruktura",274,11854,przejrzany w dostarczonym agregacie,przegląd statyczny konfiguracji i ścieżek wdrożenia,
scripts/modules/TorChat.Diagnostics.psm1,"Skrypty, CI/CD i infrastruktura",242,11225,przejrzany w dostarczonym agregacie,przegląd statyczny konfiguracji i ścieżek wdrożenia,
scripts/modules/TorChat.Environment.psm1,"Skrypty, CI/CD i infrastruktura",165,6721,przejrzany w dostarczonym agregacie,przegląd statyczny konfiguracji i ścieżek wdrożenia,
scripts/modules/TorChat.Stack.psm1,"Skrypty, CI/CD i infrastruktura",416,19993,przejrzany w dostarczonym agregacie,przegląd statyczny konfiguracji i ścieżek wdrożenia,
scripts/modules/TorChat.State.psm1,"Skrypty, CI/CD i infrastruktura",83,3408,przejrzany w dostarczonym agregacie,przegląd statyczny konfiguracji i ścieżek wdrożenia,
scripts/modules/TorChat.Ui.psm1,"Skrypty, CI/CD i infrastruktura",147,6134,przejrzany w dostarczonym agregacie,przegląd statyczny konfiguracji i ścieżek wdrożenia,
scripts/modules/TorChat.Windows.psm1,"Skrypty, CI/CD i infrastruktura",253,14928,przejrzany w dostarczonym agregacie,przegląd statyczny konfiguracji i ścieżek wdrożenia,
scripts/release/torchat-0-1-matrix.json,"Skrypty, CI/CD i infrastruktura",77,2819,przejrzany w dostarczonym agregacie,przegląd statyczny konfiguracji i ścieżek wdrożenia,
scripts/release/validate-torchat-0-1.ps1,"Skrypty, CI/CD i infrastruktura",322,14013,przejrzany w dostarczonym agregacie,przegląd statyczny konfiguracji i ścieżek wdrożenia,
scripts/tests/Test-TorChatScripts.ps1,Testy,99,3425,przejrzany w dostarczonym agregacie,przegląd zakresu i asercji,
scripts/tests/Test-TorChatTwoEngineIntegration.ps1,Testy,72,2775,przejrzany w dostarczonym agregacie,przegląd zakresu i asercji,
scripts/tests/test-diagnostic-sanitization.ps1,Testy,66,3306,przejrzany w dostarczonym agregacie,przegląd zakresu i asercji,
scripts/torchat.ps1,"Skrypty, CI/CD i infrastruktura",243,9136,przejrzany w dostarczonym agregacie,przegląd statyczny konfiguracji i ścieżek wdrożenia,
scripts/zip.ps1,"Skrypty, CI/CD i infrastruktura",754,31266,przejrzany w dostarczonym agregacie,przegląd statyczny konfiguracji i ścieżek wdrożenia,
server/torchat-server/Cargo.toml,Serwer / relay,23,673,przejrzany w dostarczonym agregacie,przegląd statyczny i semantyczny,
server/torchat-server/sql/queries/contact_delete.sql,Migracje i zapytania SQL,3,87,przejrzany w dostarczonym agregacie,"przegląd schematu, transakcji i indeksów",
server/torchat-server/sql/queries/contacts_confirm.sql,Migracje i zapytania SQL,4,119,przejrzany w dostarczonym agregacie,"przegląd schematu, transakcji i indeksów",
server/torchat-server/sql/queries/contacts_list.sql,Migracje i zapytania SQL,7,231,przejrzany w dostarczonym agregacie,"przegląd schematu, transakcji i indeksów",
server/torchat-server/sql/queries/installation_nickname.sql,Migracje i zapytania SQL,2,62,przejrzany w dostarczonym agregacie,"przegląd schematu, transakcji i indeksów",
server/torchat-server/sql/queries/installation_profile.sql,Migracje i zapytania SQL,4,97,przejrzany w dostarczonym agregacie,"przegląd schematu, transakcji i indeksów",
server/torchat-server/sql/queries/installation_upsert.sql,Migracje i zapytania SQL,4,149,przejrzany w dostarczonym agregacie,"przegląd schematu, transakcji i indeksów",
server/torchat-server/sql/queries/pairing_code_consume.sql,Migracje i zapytania SQL,4,97,przejrzany w dostarczonym agregacie,"przegląd schematu, transakcji i indeksów",
server/torchat-server/sql/queries/pairing_code_delete_for_installation.sql,Migracje i zapytania SQL,2,53,przejrzany w dostarczonym agregacie,"przegląd schematu, transakcji i indeksów",
server/torchat-server/sql/queries/pairing_code_insert.sql,Migracje i zapytania SQL,3,119,przejrzany w dostarczonym agregacie,"przegląd schematu, transakcji i indeksów",
server/torchat-server/sql/queries/pairing_code_lookup.sql,Migracje i zapytania SQL,5,95,przejrzany w dostarczonym agregacie,"przegląd schematu, transakcji i indeksów",
server/torchat-server/sql/queries/pairing_inbox_list.sql,Migracje i zapytania SQL,6,208,przejrzany w dostarczonym agregacie,"przegląd schematu, transakcji i indeksów",
server/torchat-server/sql/queries/pairing_request_ack.sql,Migracje i zapytania SQL,3,86,przejrzany w dostarczonym agregacie,"przegląd schematu, transakcji i indeksów",
server/torchat-server/sql/queries/pairing_request_cancel.sql,Migracje i zapytania SQL,3,84,przejrzany w dostarczonym agregacie,"przegląd schematu, transakcji i indeksów",
server/torchat-server/sql/queries/pairing_request_insert.sql,Migracje i zapytania SQL,10,434,przejrzany w dostarczonym agregacie,"przegląd schematu, transakcji i indeksów",
server/torchat-server/sql/queries/pairing_request_lookup.sql,Migracje i zapytania SQL,7,185,przejrzany w dostarczonym agregacie,"przegląd schematu, transakcji i indeksów",
server/torchat-server/sql/queries/profile_update_nickname.sql,Migracje i zapytania SQL,2,66,przejrzany w dostarczonym agregacie,"przegląd schematu, transakcji i indeksów",
server/torchat-server/sql/queries/prune_pairing_codes.sql,Migracje i zapytania SQL,2,51,przejrzany w dostarczonym agregacie,"przegląd schematu, transakcji i indeksów",
server/torchat-server/sql/queries/prune_pending_pairings.sql,Migracje i zapytania SQL,2,54,przejrzany w dostarczonym agregacie,"przegląd schematu, transakcji i indeksów",
server/torchat-server/sql/queries/prune_sessions.sql,Migracje i zapytania SQL,2,66,przejrzany w dostarczonym agregacie,"przegląd schematu, transakcji i indeksów",
server/torchat-server/sql/queries/schema_migration_insert.sql,Migracje i zapytania SQL,2,63,przejrzany w dostarczonym agregacie,"przegląd schematu, transakcji i indeksów",
server/torchat-server/sql/queries/schema_migration_lookup.sql,Migracje i zapytania SQL,2,55,przejrzany w dostarczonym agregacie,"przegląd schematu, transakcji i indeksów",
server/torchat-server/sql/queries/session_authorize.sql,Migracje i zapytania SQL,6,109,przejrzany w dostarczonym agregacie,"przegląd schematu, transakcji i indeksów",
server/torchat-server/sql/queries/session_insert.sql,Migracje i zapytania SQL,3,108,przejrzany w dostarczonym agregacie,"przegląd schematu, transakcji i indeksów",
server/torchat-server/sql/schema_migrations.sql,Migracje i zapytania SQL,6,154,przejrzany w dostarczonym agregacie,"przegląd schematu, transakcji i indeksów",
server/torchat-server/src/main.rs,Serwer / relay,1822,63630,przejrzany w dostarczonym agregacie,ręczny przegląd krytycznej ścieżki,
tools/torchat-contract-gen/Cargo.toml,Dokumentacja i konfiguracja repozytorium,10,164,przejrzany w dostarczonym agregacie,przegląd statyczny i semantyczny,
tools/torchat-contract-gen/src/main.rs,Kod produkcyjny,861,35871,przejrzany w dostarczonym agregacie,przegląd statyczny i semantyczny,
